Model,Train AUC,Test AUC,AUC Gap,Train Acc,Test Acc,Acc Gap,Train F1,Test F1,F1 Gap
Logistic Regression,0.8309523809523809,0.8,0.030952380952380842,0.74125,0.755,-0.01375000000000004,0.629695885509839,0.6573426573426573,-0.027646771832818273
XGBoost,0.9660267857142857,0.7992857142857143,0.16674107142857142,0.91,0.76,0.15000000000000002,0.8493723849372385,0.6,0.24937238493723857
Gradient Boosting,0.9925818452380952,0.7898809523809522,0.202700892857143,0.95625,0.77,0.18625000000000003,0.9272349272349273,0.6229508196721312,0.3042841075627961
Random Forest,1.0,0.7799999999999999,0.22000000000000008,1.0,0.745,0.255,1.0,0.5321100917431193,0.4678899082568807
Decision Tree,0.8361421130952382,0.7035119047619048,0.1326302083333334,0.775,0.675,0.09999999999999998,0.6590909090909091,0.5255474452554745,0.13354346383543458
